{"ghost": -0.5182714417013649, "risk": 0.4272162652223572, "food": 0.6815423285664686, "scared": -0.20443157501462852, "entrapment": 0.0012546187821375157, "powerpill": -0.09503505494969071, "reverse-action": -0.03596897809533325}